<?xml version="1.0" encoding="UTF-8"?>
<configuration>

    <property name="LOGS" value="./logs" />
    <property name="INTELLIJ_PATTERN" value="%d{HH:mm:ss.SSS} | %-5p | %-30c{1} | %m%n" />
    <property name="LOGBACK_PATTERN" value="%black(%d{ISO8601}) %highlight(%-5level) [%blue(%t)] %yellow(%C{1.}): %msg%n%throwable"/>

    <appender name="Console"
              class="ch.qos.logback.core.ConsoleAppender">
        <layout class="ch.qos.logback.classic.PatternLayout">
            <Pattern>
                ${LOGBACK_PATTERN}
            </Pattern>
        </layout>
    </appender>

    <appender name="RollingFile"
              class="ch.qos.logback.core.rolling.RollingFileAppender">
        <file>${LOGS}/spring-boot-logger.log</file>
        <encoder
                class="ch.qos.logback.classic.encoder.PatternLayoutEncoder">
            <Pattern>${INTELLIJ_PATTERN}</Pattern>
        </encoder>

        <rollingPolicy
                class="ch.qos.logback.core.rolling.TimeBasedRollingPolicy">
            <!-- rollover daily and when the file reaches 10 MegaBytes -->
            <fileNamePattern>${LOGS}/archived/spring-boot-logger-%d{yyyy-MM-dd}.%i.log
            </fileNamePattern>
            <timeBasedFileNamingAndTriggeringPolicy
                    class="ch.qos.logback.core.rolling.SizeAndTimeBasedFNATP">
                <maxFileSize>10MB</maxFileSize>
            </timeBasedFileNamingAndTriggeringPolicy>
        </rollingPolicy>
    </appender>

    <!-- LOG everything at INFO level -->
    <root level="info">
        <appender-ref ref="RollingFile" />
        <appender-ref ref="Console" />
    </root>

    <logger name="com.ntuc" level="debug" additivity="false">
        <appender-ref ref="RollingFile" />
        <appender-ref ref="Console" />
    </logger>

    <logger name="org.hibernate" level="info" additivity="false">
        <appender-ref ref="Console" />
    </logger>

    <logger name="org.springframework" level="info" additivity="false">
        <appender-ref ref="Console" />
    </logger>

</configuration>